codigo_edificio,numero_departamento,codigo_unidad,estatus,observaciones
B01,D01,ALB-B01-D01,ACTIVA,PROVISIONAL
B01,D02,ALB-B01-D02,ACTIVA,PROVISIONAL
B01,D03,ALB-B01-D03,ACTIVA,PROVISIONAL
B01,D04,ALB-B01-D04,ACTIVA,PROVISIONAL
B01,D05,ALB-B01-D05,ACTIVA,PROVISIONAL
B01,D06,ALB-B01-D06,ACTIVA,PROVISIONAL
B02,D01,ALB-B02-D01,ACTIVA,PROVISIONAL
B02,D02,ALB-B02-D02,ACTIVA,PROVISIONAL
B02,D03,ALB-B02-D03,ACTIVA,PROVISIONAL
B02,D04,ALB-B02-D04,ACTIVA,PROVISIONAL
B02,D05,ALB-B02-D05,ACTIVA,PROVISIONAL
B02,D06,ALB-B02-D06,ACTIVA,PROVISIONAL
B03,D01,ALB-B03-D01,ACTIVA,PROVISIONAL
B03,D02,ALB-B03-D02,ACTIVA,PROVISIONAL
B03,D03,ALB-B03-D03,ACTIVA,PROVISIONAL
B03,D04,ALB-B03-D04,ACTIVA,PROVISIONAL
B03,D05,ALB-B03-D05,ACTIVA,PROVISIONAL
B03,D06,ALB-B03-D06,ACTIVA,PROVISIONAL
B04,D01,ALB-B04-D01,ACTIVA,PROVISIONAL
B04,D02,ALB-B04-D02,ACTIVA,PROVISIONAL
B04,D03,ALB-B04-D03,ACTIVA,PROVISIONAL
B04,D04,ALB-B04-D04,ACTIVA,PROVISIONAL
B04,D05,ALB-B04-D05,ACTIVA,PROVISIONAL
B04,D06,ALB-B04-D06,ACTIVA,PROVISIONAL
B05,D01,ALB-B05-D01,ACTIVA,PROVISIONAL
B05,D02,ALB-B05-D02,ACTIVA,PROVISIONAL
B05,D03,ALB-B05-D03,ACTIVA,PROVISIONAL
B05,D04,ALB-B05-D04,ACTIVA,PROVISIONAL
B05,D05,ALB-B05-D05,ACTIVA,PROVISIONAL
B05,D06,ALB-B05-D06,ACTIVA,PROVISIONAL
B06,D01,ALB-B06-D01,ACTIVA,PROVISIONAL
B06,D02,ALB-B06-D02,ACTIVA,PROVISIONAL
B06,D03,ALB-B06-D03,ACTIVA,PROVISIONAL
B06,D04,ALB-B06-D04,ACTIVA,PROVISIONAL
B06,D05,ALB-B06-D05,ACTIVA,PROVISIONAL
B06,D06,ALB-B06-D06,ACTIVA,PROVISIONAL
B07,D01,ALB-B07-D01,ACTIVA,PROVISIONAL
B07,D02,ALB-B07-D02,ACTIVA,PROVISIONAL
B07,D03,ALB-B07-D03,ACTIVA,PROVISIONAL
B07,D04,ALB-B07-D04,ACTIVA,PROVISIONAL
B07,D05,ALB-B07-D05,ACTIVA,PROVISIONAL
B07,D06,ALB-B07-D06,ACTIVA,PROVISIONAL
B08,D01,ALB-B08-D01,ACTIVA,PROVISIONAL
B08,D02,ALB-B08-D02,ACTIVA,PROVISIONAL
B08,D03,ALB-B08-D03,ACTIVA,PROVISIONAL
B08,D04,ALB-B08-D04,ACTIVA,PROVISIONAL
B08,D05,ALB-B08-D05,ACTIVA,PROVISIONAL
B08,D06,ALB-B08-D06,ACTIVA,PROVISIONAL
B09,D01,ALB-B09-D01,ACTIVA,PROVISIONAL
B09,D02,ALB-B09-D02,ACTIVA,PROVISIONAL
B09,D03,ALB-B09-D03,ACTIVA,PROVISIONAL
B09,D04,ALB-B09-D04,ACTIVA,PROVISIONAL
B09,D05,ALB-B09-D05,ACTIVA,PROVISIONAL
B09,D06,ALB-B09-D06,ACTIVA,PROVISIONAL
B10,D01,ALB-B10-D01,ACTIVA,PROVISIONAL
B10,D02,ALB-B10-D02,ACTIVA,PROVISIONAL
B10,D03,ALB-B10-D03,ACTIVA,PROVISIONAL
B10,D04,ALB-B10-D04,ACTIVA,PROVISIONAL
B10,D05,ALB-B10-D05,ACTIVA,PROVISIONAL
B10,D06,ALB-B10-D06,ACTIVA,PROVISIONAL
B11,D01,ALB-B11-D01,ACTIVA,PROVISIONAL
B11,D02,ALB-B11-D02,ACTIVA,PROVISIONAL
B11,D03,ALB-B11-D03,ACTIVA,PROVISIONAL
B11,D04,ALB-B11-D04,ACTIVA,PROVISIONAL
B11,D05,ALB-B11-D05,ACTIVA,PROVISIONAL
B11,D06,ALB-B11-D06,ACTIVA,PROVISIONAL
B12,D01,ALB-B12-D01,ACTIVA,PROVISIONAL
B12,D02,ALB-B12-D02,ACTIVA,PROVISIONAL
B12,D03,ALB-B12-D03,ACTIVA,PROVISIONAL
B12,D04,ALB-B12-D04,ACTIVA,PROVISIONAL
B12,D05,ALB-B12-D05,ACTIVA,PROVISIONAL
B12,D06,ALB-B12-D06,ACTIVA,PROVISIONAL
B13,D01,ALB-B13-D01,ACTIVA,PROVISIONAL
B13,D02,ALB-B13-D02,ACTIVA,PROVISIONAL
B13,D03,ALB-B13-D03,ACTIVA,PROVISIONAL
B13,D04,ALB-B13-D04,ACTIVA,PROVISIONAL
B13,D05,ALB-B13-D05,ACTIVA,PROVISIONAL
B13,D06,ALB-B13-D06,ACTIVA,PROVISIONAL
B14,D01,ALB-B14-D01,ACTIVA,PROVISIONAL
B14,D02,ALB-B14-D02,ACTIVA,PROVISIONAL
B14,D03,ALB-B14-D03,ACTIVA,PROVISIONAL
B14,D04,ALB-B14-D04,ACTIVA,PROVISIONAL
B14,D05,ALB-B14-D05,ACTIVA,PROVISIONAL
B14,D06,ALB-B14-D06,ACTIVA,PROVISIONAL
B15,D01,ALB-B15-D01,ACTIVA,PROVISIONAL
B15,D02,ALB-B15-D02,ACTIVA,PROVISIONAL
B15,D03,ALB-B15-D03,ACTIVA,PROVISIONAL
B15,D04,ALB-B15-D04,ACTIVA,PROVISIONAL
B15,D05,ALB-B15-D05,ACTIVA,PROVISIONAL
B15,D06,ALB-B15-D06,ACTIVA,PROVISIONAL
B16,D01,ALB-B16-D01,ACTIVA,PROVISIONAL
B16,D02,ALB-B16-D02,ACTIVA,PROVISIONAL
B16,D03,ALB-B16-D03,ACTIVA,PROVISIONAL
B16,D04,ALB-B16-D04,ACTIVA,PROVISIONAL
B16,D05,ALB-B16-D05,ACTIVA,PROVISIONAL
B16,D06,ALB-B16-D06,ACTIVA,PROVISIONAL
B17,D01,ALB-B17-D01,ACTIVA,PROVISIONAL
B17,D02,ALB-B17-D02,ACTIVA,PROVISIONAL
B17,D03,ALB-B17-D03,ACTIVA,PROVISIONAL
B17,D04,ALB-B17-D04,ACTIVA,PROVISIONAL
B17,D05,ALB-B17-D05,ACTIVA,PROVISIONAL
B17,D06,ALB-B17-D06,ACTIVA,PROVISIONAL
B18,D01,ALB-B18-D01,ACTIVA,PROVISIONAL
B18,D02,ALB-B18-D02,ACTIVA,PROVISIONAL
B18,D03,ALB-B18-D03,ACTIVA,PROVISIONAL
B18,D04,ALB-B18-D04,ACTIVA,PROVISIONAL
B18,D05,ALB-B18-D05,ACTIVA,PROVISIONAL
B18,D06,ALB-B18-D06,ACTIVA,PROVISIONAL
B19,D01,ALB-B19-D01,ACTIVA,PROVISIONAL
B19,D02,ALB-B19-D02,ACTIVA,PROVISIONAL
B19,D03,ALB-B19-D03,ACTIVA,PROVISIONAL
B19,D04,ALB-B19-D04,ACTIVA,PROVISIONAL
B19,D05,ALB-B19-D05,ACTIVA,PROVISIONAL
B19,D06,ALB-B19-D06,ACTIVA,PROVISIONAL
B20,D01,ALB-B20-D01,ACTIVA,PROVISIONAL
B20,D02,ALB-B20-D02,ACTIVA,PROVISIONAL
B20,D03,ALB-B20-D03,ACTIVA,PROVISIONAL
B20,D04,ALB-B20-D04,ACTIVA,PROVISIONAL
B20,D05,ALB-B20-D05,ACTIVA,PROVISIONAL
B20,D06,ALB-B20-D06,ACTIVA,PROVISIONAL
